subreddit_a,subreddit_b,weight
politics,syriancivilwar,2
politics,EnoughLibertarianSpam,1
politics,POLITIC,1
politics,Conservative,1
politics,altright,1
politics,Economics,1
politics,ShitRConservativeSays,3
politics,AusPol,1
politics,ConservativesOnly,1
politics,Conservatives_R_Us,1
The_Donald,syriancivilwar,2
AskTrumpSupporters,syriancivilwar,7
AskTrumpSupporters,EnoughLibertarianSpam,2
AskTrumpSupporters,uncensorednews,21
AskTrumpSupporters,StillSandersForPres,25
AskTrumpSupporters,Anarcho_Capitalism,6
AskTrumpSupporters,trump,4
AskTrumpSupporters,besteurope,1
AskTrumpSupporters,POLITIC,23
AskTrumpSupporters,Conservative,6
AskTrumpSupporters,SargonofAkkad,9
AskTrumpSupporters,AskFeminists,1
AskTrumpSupporters,neutralnews,1
AskTrumpSupporters,DebateaCommunist,1
AskTrumpSupporters,AskThe_Donald,13
AskTrumpSupporters,NorthKoreaNews,1
AskTrumpSupporters,moderatepolitics,5
AskTrumpSupporters,ronpaul,42
AskTrumpSupporters,AusPol,2
syriancivilwar,EndFPTP,4
syriancivilwar,Political_Revolution,1
syriancivilwar,GaryJohnson,57
syriancivilwar,askhillarysupporters,1
syriancivilwar,StillSandersForPres,405
syriancivilwar,Ask_Politics,2
syriancivilwar,Anarcho_Capitalism,1
syriancivilwar,trump,22
syriancivilwar,RiseUPP,1
syriancivilwar,progun,7
syriancivilwar,POLITIC,19
syriancivilwar,DebateFascism,1
syriancivilwar,FULLCOMMUNISM,1
syriancivilwar,SargonofAkkad,114
syriancivilwar,gunpolitics,1
syriancivilwar,ShitPoliticsSays,4
syriancivilwar,AskFeminists,700
syriancivilwar,AskEconomics,45
syriancivilwar,conservatives,4
syriancivilwar,ShitRConservativeSays,67
syriancivilwar,ArabIsraeliConflict,2
syriancivilwar,communism101,172
syriancivilwar,killthosewhodisagree,4
syriancivilwar,DebateaCommunist,2
syriancivilwar,AskThe_Donald,54
syriancivilwar,WikiInAction,4
syriancivilwar,ronpaul,2
syriancivilwar,ConservativesOnly,1
syriancivilwar,Conservatives_R_Us,2
EnoughLibertarianSpam,StillSandersForPres,11
EnoughLibertarianSpam,AusPol,4
TrueReddit,TheColorIsBlue,2
TrueReddit,ukipparty,2
TrueReddit,PanicHistory,1
TrueReddit,AskThe_Donald,2
PoliticalDiscussion,gunpolitics,71
PoliticalDiscussion,FreePolDiscussion,15
ukpolitics,HillaryForAmerica,6
ukpolitics,communism,2
ukpolitics,prolife,4
ukpolitics,ShitRConservativeSays,2
ukpolitics,ArabIsraeliConflict,10
ukpolitics,The_Europe,15
ukpolitics,chomsky,6
ukpolitics,Anarchy101,1
ukpolitics,AskThe_Donald,7
CapitalismVSocialism,progun,6
CapitalismVSocialism,AskEconomics,4
CapitalismVSocialism,SRSDiscussion,1
CapitalismVSocialism,chomsky,4
CapitalismVSocialism,AskThe_Donald,6
LabourUK,FemraMeta,1
GoldandBlack,EndFPTP,4
GoldandBlack,AskFeminists,1
hillaryclinton,EndFPTP,1004
hillaryclinton,uncensorednews,2
hillaryclinton,askhillarysupporters,1
hillaryclinton,StillSandersForPres,28
hillaryclinton,Ask_Politics,19
hillaryclinton,democrats,2
hillaryclinton,progun,1
hillaryclinton,POLITIC,67
hillaryclinton,DebateFascism,2
hillaryclinton,Economics,2
hillaryclinton,AskBernieSupporters,2
hillaryclinton,ShitPoliticsSays,5
hillaryclinton,socialjustice101,1
hillaryclinton,AskFeminists,2
hillaryclinton,AskEconomics,18
hillaryclinton,liberalgunowners,1
hillaryclinton,CatholicPolitics,1
hillaryclinton,ShitRConservativeSays,1467
hillaryclinton,ArabIsraeliConflict,2
hillaryclinton,The_Europe,1
hillaryclinton,Dave_Rubin,4
hillaryclinton,AskThe_Donald,325
hillaryclinton,ronpaul,1
hillaryclinton,AusPol,14
hillaryclinton,ConservativesOnly,14
hillaryclinton,Conservatives_R_Us,32
hillaryclinton,TimCanova,1
EndFPTP,StillSandersForPres,294
EndFPTP,Ask_Politics,14
EndFPTP,Israel,7
EndFPTP,trump,8
EndFPTP,progun,3
EndFPTP,POLITIC,104
EndFPTP,DebateFascism,1
EndFPTP,shittankiessay,1
EndFPTP,FULLCOMMUNISM,9
EndFPTP,Economics,13
EndFPTP,ShitPoliticsSays,10
EndFPTP,AskFeminists,5
EndFPTP,communism,3
EndFPTP,AskEconomics,146
EndFPTP,SRSDiscussion,1
EndFPTP,liberalgunowners,8
EndFPTP,The_Farage,1
EndFPTP,shitguncontrollerssay,1
EndFPTP,ShitRConservativeSays,4377
EndFPTP,neutralnews,6
EndFPTP,communism101,6
EndFPTP,The_Europe,141
EndFPTP,Dave_Rubin,23
EndFPTP,EuropeMeta,55
EndFPTP,DebateaCommunist,1
EndFPTP,AskThe_Donald,2789
EndFPTP,ronpaul,1
EndFPTP,AusPol,153
EndFPTP,ConservativesOnly,51
EndFPTP,Conservatives_R_Us,77
EndFPTP,TimCanova,10
Political_Revolution,progun,4
Political_Revolution,POLITIC,3
Political_Revolution,SargonofAkkad,3
Political_Revolution,AskEconomics,26
Political_Revolution,liberalgunowners,4
Political_Revolution,leftcommunism,1
Political_Revolution,DebateaCommunist,1
Political_Revolution,AskThe_Donald,59
Republican,StillSandersForPres,9
Republican,ShitRConservativeSays,2
Republican,tytonreddit,30
Republican,AskThe_Donald,27
GaryJohnson,AskFeminists,102
GaryJohnson,AskEconomics,3
GaryJohnson,ShitRConservativeSays,9
GaryJohnson,communism101,3
GaryJohnson,AskThe_Donald,14
badeconomics,askhillarysupporters,1
badeconomics,progun,1
badeconomics,ShitPoliticsSays,1
badeconomics,chomsky,1
badeconomics,AskThe_Donald,2
Kossacks_for_Sanders,ShitPoliticsSays,8
CanadaPolitics,AskBernieSupporters,1
CanadaPolitics,UkrainianConflict,1
CanadaPolitics,DebateaCommunist,1
uncensorednews,Anarcho_Capitalism,1
uncensorednews,Conservative,11
uncensorednews,socialjustice101,2
uncensorednews,ShitRConservativeSays,14
uncensorednews,AskThe_Donald,2
uncensorednews,moderatepolitics,3
uncensorednews,ronpaul,26
uncensorednews,ConservativesOnly,18
askhillarysupporters,StillSandersForPres,2
askhillarysupporters,Ask_Politics,12
askhillarysupporters,trump,8
askhillarysupporters,progun,11
askhillarysupporters,shittankiessay,1
askhillarysupporters,AskEconomics,13
askhillarysupporters,ShitRConservativeSays,4
askhillarysupporters,neutralnews,2
askhillarysupporters,communism101,4
askhillarysupporters,Dave_Rubin,1
askhillarysupporters,AskThe_Donald,46
askhillarysupporters,ConservativesOnly,19
StillSandersForPres,Ask_Politics,3
StillSandersForPres,Anarcho_Capitalism,18
StillSandersForPres,trump,206
StillSandersForPres,RiseUPP,34
StillSandersForPres,progun,29
StillSandersForPres,POLITIC,25
StillSandersForPres,Conservative,29
StillSandersForPres,FULLCOMMUNISM,3
StillSandersForPres,SargonofAkkad,175
StillSandersForPres,Economics,1
StillSandersForPres,gunpolitics,5
StillSandersForPres,AskFeminists,31
StillSandersForPres,AskEconomics,72
StillSandersForPres,SRSDiscussion,6
StillSandersForPres,liberalgunowners,2
StillSandersForPres,CatholicPolitics,1
StillSandersForPres,ShitRConservativeSays,20
StillSandersForPres,brexit,2
StillSandersForPres,AskLibertarians,1
StillSandersForPres,communism101,18
StillSandersForPres,chomsky,48
StillSandersForPres,COMPLETEANARCHY,1
StillSandersForPres,GreenParty,7
StillSandersForPres,DebateaCommunist,2
StillSandersForPres,CAVDEF,1
StillSandersForPres,AskThe_Donald,183
StillSandersForPres,LeftWithoutEdge,25
StillSandersForPres,ronpaul,149
StillSandersForPres,AusPol,98
StillSandersForPres,ConservativesOnly,4
StillSandersForPres,Conservatives_R_Us,26
WayOfTheBern,AskEconomics,65
WayOfTheBern,ShitRConservativeSays,6
WayOfTheBern,chomsky,1
WayOfTheBern,AskThe_Donald,11
Ask_Politics,democrats,5
Ask_Politics,progressive,21
Ask_Politics,trump,6
Ask_Politics,progun,2
Ask_Politics,POLITIC,2
Ask_Politics,FULLCOMMUNISM,10
Ask_Politics,SargonofAkkad,3
Ask_Politics,AskFeminists,2
Ask_Politics,AgainstHateSubreddits,18
Ask_Politics,AskEconomics,209
Ask_Politics,prolife,1
Ask_Politics,conservatives,16
Ask_Politics,CatholicPolitics,3
Ask_Politics,ShitRConservativeSays,21
Ask_Politics,communism101,15
Ask_Politics,leftcommunism,105
Ask_Politics,killthosewhodisagree,4
Ask_Politics,EuropeMeta,1
Ask_Politics,AskThe_Donald,351
Ask_Politics,WikiInAction,29
Ask_Politics,Conservatives_R_Us,7
progressive,law,1
progressive,leftcommunism,3
jillstein,AgainstHateSubreddits,1
jillstein,Palestine,2
jillstein,Anarchy101,2
Israel,HillaryForAmerica,1
Israel,Economics,5
Israel,AskBernieSupporters,73
Israel,SRSDiscussion,4
Israel,liberalgunowners,192
Israel,ShitRConservativeSays,12
Israel,ArabIsraeliConflict,76
Israel,EnoughPaulSpam,9
Israel,DebateaCommunist,68
Israel,AskThe_Donald,55
Israel,Conservatives_R_Us,2
Anarcho_Capitalism,trump,5
Anarcho_Capitalism,gunpolitics,1
Anarcho_Capitalism,COMPLETEANARCHY,3
Anarcho_Capitalism,ronpaul,6
trump,POLITIC,1
trump,ShitPoliticsSays,4
trump,ShitRConservativeSays,242
trump,LouderWithCrowder,4
trump,communism101,14
trump,chomsky,2
trump,AskThe_Donald,7
trump,ronpaul,14
trump,AusPol,24
trump,ConservativesOnly,2
RiseUPP,socialjustice101,1
RiseUPP,AskThe_Donald,1
RiseUPP,WikiInAction,4
RiseUPP,ronpaul,1
progun,besteurope,5
progun,POLITIC,12
progun,SargonofAkkad,1
progun,gunpolitics,17
progun,ShitPoliticsSays,5
progun,AskFeminists,111
progun,AskEconomics,17
progun,SRSDiscussion,3
progun,conservatives,4
progun,ShitRConservativeSays,7
progun,neutralnews,2
progun,chomsky,225
progun,leftcommunism,1
progun,Dave_Rubin,3
progun,IsraelPalestine,3
progun,AskThe_Donald,377
progun,NorthKoreaNews,2
progun,ronpaul,2
progun,ConservativesOnly,180
progun,Conservatives_R_Us,5
progun,TimCanova,1
TheColorIsBlue,AgainstHateSubreddits,1
TheColorIsBlue,AskThe_Donald,1
besteurope,POLITIC,21
besteurope,AskFeminists,22
besteurope,AskEconomics,2
besteurope,EuropeMeta,9
besteurope,DebateaCommunist,2
besteurope,AskThe_Donald,44
besteurope,Conservatives_R_Us,1
besteurope,TimCanova,1
POLITIC,DebateFascism,317
POLITIC,Conservative,8
POLITIC,FULLCOMMUNISM,84
POLITIC,SargonofAkkad,9
POLITIC,ShitPoliticsSays,20
POLITIC,AskFeminists,83
POLITIC,AgainstHateSubreddits,4
POLITIC,communism,3
POLITIC,AskEconomics,445
POLITIC,SRSDiscussion,19
POLITIC,liberalgunowners,19
POLITIC,The_Farage,1
POLITIC,ShitRConservativeSays,20
POLITIC,neutralnews,16
POLITIC,ArabIsraeliConflict,27
POLITIC,EnoughPaulSpam,1
POLITIC,The_Europe,43
POLITIC,chomsky,85
POLITIC,leftcommunism,3
POLITIC,samharris,1
POLITIC,economy,48
POLITIC,Dave_Rubin,4
POLITIC,GreenParty,2
POLITIC,EuropeMeta,808
POLITIC,DebateaCommunist,2
POLITIC,altnewz,1
POLITIC,AskThe_Donald,4428
POLITIC,NorthKoreaNews,90
POLITIC,ronpaul,16
POLITIC,AusPol,30
POLITIC,ConservativesOnly,37
POLITIC,Conservatives_R_Us,14
POLITIC,TimCanova,4
DebateFascism,HillaryForAmerica,1
DebateFascism,AskEconomics,48
DebateFascism,liberalgunowners,26
DebateFascism,shitguncontrollerssay,4
DebateFascism,ArabIsraeliConflict,89
DebateFascism,EnoughPaulSpam,1
DebateFascism,economy,192
DebateFascism,EuropeMeta,577
DebateFascism,DebateaCommunist,5
DebateFascism,AskThe_Donald,401
DebateFascism,NorthKoreaNews,361
DebateFascism,Conservatives_R_Us,1
DebateFascism,TimCanova,16
Conservative,AskEconomics,8
Conservative,WhatsMyIdeology,21
Conservative,BritishPolitics,2
Conservative,GreenParty,4
Conservative,AskThe_Donald,18
Conservative,ronpaul,150
shittankiessay,AskEconomics,12
shittankiessay,ShitRConservativeSays,28
shittankiessay,neutralnews,1
shittankiessay,communism101,25
shittankiessay,AskThe_Donald,4
shittankiessay,ConservativesOnly,12
DNCleaks,WikiLeaks,182
DNCleaks,prochoice,403
DNCleaks,ShitRConservativeSays,169
DNCleaks,overpopulation,481
HillaryForAmerica,Economics,1
HillaryForAmerica,communism,12
HillaryForAmerica,liberalgunowners,2
HillaryForAmerica,ShitRConservativeSays,12
HillaryForAmerica,ArabIsraeliConflict,62
HillaryForAmerica,DebateaCommunist,2
HillaryForAmerica,AskThe_Donald,6
HillaryForAmerica,NorthKoreaNews,1
HillaryForAmerica,Conservatives_R_Us,1
FULLCOMMUNISM,AskFeminists,537
FULLCOMMUNISM,AskEconomics,86
FULLCOMMUNISM,conservatives,11
FULLCOMMUNISM,ShitRConservativeSays,98
FULLCOMMUNISM,The_Europe,4
FULLCOMMUNISM,killthosewhodisagree,3
FULLCOMMUNISM,EuropeMeta,26
FULLCOMMUNISM,DebateaCommunist,23
FULLCOMMUNISM,AskThe_Donald,1206
FULLCOMMUNISM,Conservatives_R_Us,15
FULLCOMMUNISM,TimCanova,2
SargonofAkkad,AskFeminists,17
SargonofAkkad,AskEconomics,3
SargonofAkkad,liberalgunowners,15
SargonofAkkad,The_Farage,2
SargonofAkkad,CatholicPolitics,5
SargonofAkkad,ShitRConservativeSays,4
SargonofAkkad,communism101,4
SargonofAkkad,leftcommunism,3
SargonofAkkad,Freethought,1
SargonofAkkad,CAVDEF,1
SargonofAkkad,AskThe_Donald,132
SargonofAkkad,NorthKoreaNews,1
SargonofAkkad,Conservatives_R_Us,2
ShitLiberalsSay,AskThe_Donald,2
ShitLiberalsSay,WikiInAction,1
Liberal,AskEconomics,25
Liberal,AskThe_Donald,12
Economics,AskBernieSupporters,55
Economics,AskFeminists,1
Economics,AskEconomics,4
Economics,SRSDiscussion,6
Economics,liberalgunowners,2
Economics,CatholicPolitics,1
Economics,Le_Pen,28
Economics,shitguncontrollerssay,4
Economics,ShitRConservativeSays,176
Economics,neutralnews,2
Economics,brexit,2
Economics,ArabIsraeliConflict,119
Economics,Dave_Rubin,2
Economics,DebateaCommunist,35
Economics,CAVDEF,1
Economics,AskThe_Donald,82
Economics,Conservatives_R_Us,5
Economics,TimCanova,3
WikiLeaks,prochoice,434
WikiLeaks,ShitRConservativeSays,182
WikiLeaks,overpopulation,518
gunpolitics,FreePolDiscussion,53
gunpolitics,ShitPoliticsSays,4
gunpolitics,AskEconomics,20
gunpolitics,occupywallstreet,16
gunpolitics,IsraelPalestine,51
gunpolitics,AskThe_Donald,20
gunpolitics,ConservativesOnly,44
FreePolDiscussion,ImABlue,3
FreePolDiscussion,AskThe_Donald,6
AskBernieSupporters,ShitPoliticsSays,1
AskBernieSupporters,liberalgunowners,89
AskBernieSupporters,Le_Pen,4
AskBernieSupporters,UkrainianConflict,1
AskBernieSupporters,ArabIsraeliConflict,1238
AskBernieSupporters,EnoughPaulSpam,2
AskBernieSupporters,DebateaCommunist,9
AskBernieSupporters,AskThe_Donald,14
AskBernieSupporters,AusPol,12
AskBernieSupporters,TimCanova,4
ShitPoliticsSays,AskFeminists,1
ShitPoliticsSays,AskEconomics,5
ShitPoliticsSays,liberalgunowners,10
ShitPoliticsSays,AskThe_Donald,202
ShitPoliticsSays,ronpaul,2
ShitPoliticsSays,FemraMeta,1
ShitPoliticsSays,AusPol,38
ShitPoliticsSays,ConservativesOnly,1141
ShitPoliticsSays,Conservatives_R_Us,4
socialjustice101,ShitRConservativeSays,7
socialjustice101,AskThe_Donald,2
socialjustice101,ronpaul,1
socialjustice101,ConservativesOnly,9
AskFeminists,communism,1
AskFeminists,AskEconomics,96
AskFeminists,conservatives,1
AskFeminists,The_Farage,6
AskFeminists,ShitRConservativeSays,173
AskFeminists,neutralnews,11
AskFeminists,PoliticalHumor,1
AskFeminists,communism101,42
AskFeminists,The_Europe,4
AskFeminists,Freethought,3
AskFeminists,AskThe_Donald,1401
AskFeminists,NorthKoreaNews,3
AskFeminists,AusPol,8
AskFeminists,Conservatives_R_Us,24
AgainstHateSubreddits,liberalgunowners,2
AgainstHateSubreddits,neutralnews,3
AgainstHateSubreddits,EuropeMeta,40
AgainstHateSubreddits,Palestine,2
AgainstHateSubreddits,Anarchy101,4
AgainstHateSubreddits,AskThe_Donald,112
AgainstHateSubreddits,NorthKoreaNews,1
inthenews,conservatives,14
communism,AskEconomics,2
communism,SRSDiscussion,1
communism,liberalgunowners,1
communism,ShitRConservativeSays,37
communism,neutralnews,1
communism,ArabIsraeliConflict,20
communism,Dave_Rubin,1
communism,EuropeMeta,5
communism,DebateaCommunist,1
communism,PanicHistory,1
communism,AskThe_Donald,44
communism,ronpaul,1
communism,TimCanova,4
AskEconomics,SRSDiscussion,51
AskEconomics,liberalgunowners,36
AskEconomics,conservatives,7
AskEconomics,The_Farage,20
AskEconomics,law,1
AskEconomics,shitguncontrollerssay,2
AskEconomics,ShitRConservativeSays,199
AskEconomics,neutralnews,31
AskEconomics,ArabIsraeliConflict,4
AskEconomics,EnoughPaulSpam,2
AskEconomics,communism101,15
AskEconomics,The_Europe,11
AskEconomics,chomsky,59
AskEconomics,economy,64
AskEconomics,Dave_Rubin,2
AskEconomics,IsraelPalestine,6
AskEconomics,killthosewhodisagree,1
AskEconomics,EuropeMeta,954
AskEconomics,DebateaCommunist,2
AskEconomics,Freethought,3
AskEconomics,Anarchy101,3
AskEconomics,AskThe_Donald,4938
AskEconomics,NorthKoreaNews,53
AskEconomics,ConservativeMeta,6
AskEconomics,AusPol,3
AskEconomics,ConservativesOnly,94
AskEconomics,Conservatives_R_Us,3
AskEconomics,TimCanova,15
SRSDiscussion,CatholicPolitics,6
SRSDiscussion,ShitRConservativeSays,9
SRSDiscussion,brexit,12
SRSDiscussion,EnoughPaulSpam,8
SRSDiscussion,economy,176
SRSDiscussion,EuropeMeta,24
SRSDiscussion,CAVDEF,6
SRSDiscussion,AskThe_Donald,166
SRSDiscussion,NorthKoreaNews,121
SRSDiscussion,ronpaul,1
SRSDiscussion,TimCanova,2
prolife,ShitRConservativeSays,10
prolife,The_Europe,44
prolife,chomsky,24
prolife,TrueTrueReddit,1
prolife,Anarchy101,4
prolife,AskThe_Donald,47
liberalgunowners,ShitRConservativeSays,54
liberalgunowners,UkrainianConflict,8
liberalgunowners,neutralnews,3
liberalgunowners,ArabIsraeliConflict,67
liberalgunowners,EnoughPaulSpam,1
liberalgunowners,The_Europe,2
liberalgunowners,COMPLETEANARCHY,3
liberalgunowners,leftcommunism,4
liberalgunowners,EuropeMeta,55
liberalgunowners,DebateaCommunist,138
liberalgunowners,AskThe_Donald,515
liberalgunowners,NorthKoreaNews,5
liberalgunowners,ronpaul,1
liberalgunowners,AusPol,51
liberalgunowners,Conservatives_R_Us,6
conservatives,ShitRConservativeSays,68
conservatives,leftcommunism,369
conservatives,killthosewhodisagree,1
conservatives,AskThe_Donald,20
daverubin,ShitRConservativeSays,21
PoliticalVideo,CatholicPolitics,2
occupywallstreet,BritishPolitics,4
occupywallstreet,ConservativesOnly,12
WhatsMyIdeology,BritishPolitics,1
WhatsMyIdeology,ronpaul,19
The_Farage,CatholicPolitics,1
The_Farage,ShitRConservativeSays,36
The_Farage,Freethought,2
The_Farage,AskThe_Donald,124
The_Farage,NorthKoreaNews,2
The_Farage,WikiInAction,1
law,ShitRConservativeSays,17
CatholicPolitics,ShitRConservativeSays,1
CatholicPolitics,brexit,2
CatholicPolitics,CAVDEF,1
CatholicPolitics,AskThe_Donald,1
Le_Pen,ArabIsraeliConflict,4
Le_Pen,AskThe_Donald,4
Le_Pen,TimCanova,1
prochoice,ShitRConservativeSays,403
prochoice,overpopulation,1147
shitguncontrollerssay,ShitRConservativeSays,5
shitguncontrollerssay,DebateaCommunist,1
shitguncontrollerssay,AskThe_Donald,50
ShitRConservativeSays,AnythingGoesNews,4
ShitRConservativeSays,Sino,19
ShitRConservativeSays,neutralnews,63
ShitRConservativeSays,ArabIsraeliConflict,20
ShitRConservativeSays,EnoughPaulSpam,11
ShitRConservativeSays,communism101,25
ShitRConservativeSays,The_Europe,12
ShitRConservativeSays,chomsky,6
ShitRConservativeSays,overpopulation,481
ShitRConservativeSays,Dave_Rubin,55
ShitRConservativeSays,killthosewhodisagree,21
ShitRConservativeSays,DebateaCommunist,99
ShitRConservativeSays,Anarchy101,22
ShitRConservativeSays,AskThe_Donald,7894
ShitRConservativeSays,WikiInAction,1
ShitRConservativeSays,Socialism_101,7
ShitRConservativeSays,ronpaul,16
ShitRConservativeSays,AusPol,54
ShitRConservativeSays,ConservativesOnly,569
ShitRConservativeSays,Conservatives_R_Us,299
ShitRConservativeSays,TimCanova,52
AskFemmeThoughts,Conservatives_R_Us,111
Sino,AskThe_Donald,2
Sino,Conservatives_R_Us,1
UkrainianConflict,DebateaCommunist,3
UkrainianConflict,AskThe_Donald,1
neutralnews,Dave_Rubin,1
neutralnews,killthosewhodisagree,1
neutralnews,EuropeMeta,1
neutralnews,DebateaCommunist,7
neutralnews,AskThe_Donald,209
neutralnews,NorthKoreaNews,3
neutralnews,ConservativeMeta,1
neutralnews,ronpaul,1
neutralnews,ConservativesOnly,10
neutralnews,Conservatives_R_Us,2
FreeEuropeNews,AusPol,15
brexit,CAVDEF,2
brexit,AskThe_Donald,2
ArabIsraeliConflict,The_Europe,2
ArabIsraeliConflict,EuropeMeta,12
ArabIsraeliConflict,DebateaCommunist,13
ArabIsraeliConflict,AskThe_Donald,208
ArabIsraeliConflict,TimCanova,4
EnoughPaulSpam,EuropeMeta,3
EnoughPaulSpam,AskThe_Donald,81
EnoughPaulSpam,Conservatives_R_Us,2
DebateAnarchism,AskThe_Donald,7
communism101,socialanarchism,8
communism101,BannedFromThe_Donald,8
communism101,AskThe_Donald,17
communism101,AusPol,1
communism101,Conservatives_R_Us,2
socialanarchism,BannedFromThe_Donald,1
socialanarchism,AskThe_Donald,9
socialanarchism,Conservatives_R_Us,2
The_Europe,chomsky,66
The_Europe,EuropeMeta,28
The_Europe,Anarchy101,11
The_Europe,AskThe_Donald,124
chomsky,EuropeMeta,37
chomsky,Anarchy101,6
chomsky,AskThe_Donald,232
COMPLETEANARCHY,DebateaCommunist,1
tytonreddit,AskThe_Donald,4
tytonreddit,Socialism_101,3
BritishPolitics,ronpaul,11
BritishPolitics,ConservativesOnly,1
leftcommunism,AskThe_Donald,32
economy,EuropeMeta,97
economy,NorthKoreaNews,297
Dave_Rubin,AskThe_Donald,46
Dave_Rubin,Conservatives_R_Us,2
GreenParty,ronpaul,5
IsraelPalestine,AskThe_Donald,2
killthosewhodisagree,AskThe_Donald,30
killthosewhodisagree,WikiInAction,1
EuropeMeta,AskThe_Donald,4376
EuropeMeta,NorthKoreaNews,143
EuropeMeta,TimCanova,9
TrueTrueReddit,AskThe_Donald,18
DebateaCommunist,PanicHistory,1
DebateaCommunist,AskThe_Donald,432
DebateaCommunist,NorthKoreaNews,2
DebateaCommunist,LeftWithoutEdge,1
DebateaCommunist,ronpaul,1
DebateaCommunist,Conservatives_R_Us,3
Freethought,AskThe_Donald,24
Freethought,NorthKoreaNews,1
climateskeptics,ronpaul,3
CAVDEF,AskThe_Donald,1
Palestine,Anarchy101,4
Anarchy101,AskThe_Donald,14
PanicHistory,AskThe_Donald,18
AskThe_Donald,NorthKoreaNews,44
AskThe_Donald,WikiInAction,21
AskThe_Donald,Socialism_101,3
AskThe_Donald,alltheleft,3
AskThe_Donald,ConservativeMeta,11
AskThe_Donald,Cascadia,1
AskThe_Donald,ronpaul,35
AskThe_Donald,AusPol,86
AskThe_Donald,NationalSocialism,3
AskThe_Donald,ConservativesOnly,400
AskThe_Donald,Conservatives_R_Us,313
AskThe_Donald,TimCanova,108
NorthKoreaNews,ronpaul,1
NorthKoreaNews,Conservatives_R_Us,1
WikiInAction,Cascadia,1
WikiInAction,ronpaul,1
ronpaul,AusPol,32
ronpaul,ConservativesOnly,10
ronpaul,TimCanova,2
AusPol,ConservativesOnly,50
rojava,HateSubsInAction,1
ConservativesOnly,Conservatives_R_Us,4
Conservatives_R_Us,TimCanova,3
